filename,date,label
2018 09 03 11 26 25.JPG,2018-09-03 11:26:25,fantasma
2018 09 03 11 26 26.JPG,2018-09-03 11:26:26,fantasma
2018 09 03 14 58 25.JPG,2018-09-03 14:58:25,fantasma
2018 09 03 14 58 26.JPG,2018-09-03 14:58:26,fantasma
2018 09 03 14 58 30.JPG,2018-09-03 14:58:30,non_fantasma
2018 09 03 14 58 31.JPG,2018-09-03 14:58:31,non_fantasma
2018 09 03 14 59 06.JPG,2018-09-03 14:59:06,fantasma
2018 09 03 14 59 07.JPG,2018-09-03 14:59:07,fantasma
2018 09 03 14 59 10.JPG,2018-09-03 14:59:10,non_fantasma
2018 09 03 14 59 11.JPG,2018-09-03 14:59:11,non_fantasma
2018 09 05 06 05 16.JPG,2018-09-05 06:05:16,fantasma
2018 09 05 06 05 17.JPG,2018-09-05 06:05:17,fantasma
2018 09 05 09 50 56.JPG,2018-09-05 09:50:56,fantasma
2018 09 05 09 50 57.JPG,2018-09-05 09:50:57,fantasma
2018 09 05 09 51 12.JPG,2018-09-05 09:51:12,fantasma
2018 09 05 09 51 13.JPG,2018-09-05 09:51:13,fantasma
2018 09 05 09 51 24.JPG,2018-09-05 09:51:24,non_fantasma
2018 09 05 09 51 25.JPG,2018-09-05 09:51:25,non_fantasma
2018 09 05 11 06 43.JPG,2018-09-05 11:06:43,non_fantasma
2018 09 05 11 06 44.JPG,2018-09-05 11:06:44,non_fantasma
2018 09 05 17 40 09.JPG,2018-09-05 17:40:09,non_fantasma
2018 09 05 17 40 10.JPG,2018-09-05 17:40:10,non_fantasma
2018 09 05 23 39 33.JPG,2018-09-05 23:39:33,non_fantasma
2018 09 05 23 39 34.JPG,2018-09-05 23:39:34,non_fantasma
2018 09 05 23 39 38.JPG,2018-09-05 23:39:38,non_fantasma
2018 09 05 23 39 39.JPG,2018-09-05 23:39:39,non_fantasma
2018 09 05 23 39 46.JPG,2018-09-05 23:39:46,non_fantasma
2018 09 05 23 39 47.JPG,2018-09-05 23:39:47,non_fantasma
2018 09 06 05 23 18.JPG,2018-09-06 05:23:18,fantasma
2018 09 06 05 23 19.JPG,2018-09-06 05:23:19,fantasma
2018 09 06 05 26 06.JPG,2018-09-06 05:26:06,non_fantasma
2018 09 06 05 26 07.JPG,2018-09-06 05:26:07,non_fantasma
2018 09 06 06 43 43.JPG,2018-09-06 06:43:43,fantasma
2018 09 06 06 43 44.JPG,2018-09-06 06:43:44,fantasma
2018 09 07 18 13 56.JPG,2018-09-07 18:13:56,non_fantasma
2018 09 07 18 13 57.JPG,2018-09-07 18:13:57,non_fantasma
2018 09 08 04 52 44.JPG,2018-09-08 04:52:44,fantasma
2018 09 08 04 52 45.JPG,2018-09-08 04:52:45,fantasma
2018 09 08 04 55 33.JPG,2018-09-08 04:55:33,non_fantasma
2018 09 08 04 55 34.JPG,2018-09-08 04:55:34,non_fantasma
2018 09 08 04 58 17.JPG,2018-09-08 04:58:17,non_fantasma
2018 09 08 04 58 18.JPG,2018-09-08 04:58:18,non_fantasma
2018 09 08 04 58 25.JPG,2018-09-08 04:58:25,non_fantasma
2018 09 08 04 58 26.JPG,2018-09-08 04:58:26,non_fantasma
2018 09 08 18 37 28.JPG,2018-09-08 18:37:28,non_fantasma
2018 09 08 18 37 29.JPG,2018-09-08 18:37:29,non_fantasma
2018 09 09 02 49 10.JPG,2018-09-09 02:49:10,non_fantasma
2018 09 09 02 49 11.JPG,2018-09-09 02:49:11,non_fantasma
2018 09 09 21 02 01.JPG,2018-09-09 21:02:01,non_fantasma
2018 09 09 21 02 59.JPG,2018-09-09 21:02:59,non_fantasma
2018 09 09 21 03 09.JPG,2018-09-09 21:03:09,non_fantasma
2018 09 09 21 03 10.JPG,2018-09-09 21:03:10,non_fantasma
2018 09 09 21 03 37.JPG,2018-09-09 21:03:37,non_fantasma
2018 09 09 21 03 38.JPG,2018-09-09 21:03:38,non_fantasma
2018 09 09 22 39 27.JPG,2018-09-09 22:39:27,non_fantasma
2018 09 09 22 39 28.JPG,2018-09-09 22:39:28,non_fantasma
2018 09 09 22 39 38.JPG,2018-09-09 22:39:38,non_fantasma
2018 09 09 22 39 39.JPG,2018-09-09 22:39:39,non_fantasma
2018 09 09 22 39 52.JPG,2018-09-09 22:39:52,non_fantasma
2018 09 09 22 39 53.JPG,2018-09-09 22:39:53,non_fantasma
2018 09 09 22 40 01.JPG,2018-09-09 22:40:01,non_fantasma
2018 09 09 22 40 02.JPG,2018-09-09 22:40:02,non_fantasma
2018 09 09 22 40 10.JPG,2018-09-09 22:40:10,non_fantasma
2018 09 09 22 40 11.JPG,2018-09-09 22:40:11,non_fantasma
2018 09 09 22 40 23.JPG,2018-09-09 22:40:23,non_fantasma
2018 09 09 22 40 24.JPG,2018-09-09 22:40:24,non_fantasma
2018 09 09 22 40 28.JPG,2018-09-09 22:40:28,fantasma
2018 09 09 22 40 29.JPG,2018-09-09 22:40:29,fantasma
2018 09 10 18 17 41.JPG,2018-09-10 18:17:41,non_fantasma
2018 09 10 18 17 42.JPG,2018-09-10 18:17:42,non_fantasma
2018 09 10 18 17 58.JPG,2018-09-10 18:17:58,non_fantasma
2018 09 10 18 17 59.JPG,2018-09-10 18:17:59,non_fantasma
2018 09 11 08 25 29.JPG,2018-09-11 08:25:29,non_fantasma
2018 09 11 08 25 30.JPG,2018-09-11 08:25:30,non_fantasma
2018 09 11 08 25 42.JPG,2018-09-11 08:25:42,non_fantasma
2018 09 11 08 25 43.JPG,2018-09-11 08:25:43,non_fantasma
2018 09 11 13 45 21.JPG,2018-09-11 13:45:21,fantasma
2018 09 11 13 45 22.JPG,2018-09-11 13:45:22,fantasma
2018 09 11 13 45 37.JPG,2018-09-11 13:45:37,fantasma
2018 09 11 13 45 38.JPG,2018-09-11 13:45:38,fantasma
2018 09 11 13 45 44.JPG,2018-09-11 13:45:44,non_fantasma
2018 09 11 13 45 45.JPG,2018-09-11 13:45:45,non_fantasma
2018 09 11 13 45 52.JPG,2018-09-11 13:45:52,non_fantasma
2018 09 11 13 45 53.JPG,2018-09-11 13:45:53,non_fantasma
2018 09 11 13 45 56.JPG,2018-09-11 13:45:56,non_fantasma
2018 09 11 13 45 57.JPG,2018-09-11 13:45:57,non_fantasma
2018 09 11 13 46 11.JPG,2018-09-11 13:46:11,non_fantasma
2018 09 11 13 46 12.JPG,2018-09-11 13:46:12,non_fantasma
2018 09 11 13 46 16.JPG,2018-09-11 13:46:16,non_fantasma
2018 09 11 13 46 17.JPG,2018-09-11 13:46:17,non_fantasma
2018 09 12 05 12 15.JPG,2018-09-12 05:12:15,non_fantasma
2018 09 12 05 12 16.JPG,2018-09-12 05:12:16,non_fantasma
2018 09 13 03 20 06.JPG,2018-09-13 03:20:06,non_fantasma
2018 09 13 03 20 07.JPG,2018-09-13 03:20:07,non_fantasma
2018 09 13 03 20 11.JPG,2018-09-13 03:20:11,non_fantasma
2018 09 13 03 20 12.JPG,2018-09-13 03:20:12,non_fantasma
2018 09 13 03 20 17.JPG,2018-09-13 03:20:17,non_fantasma
2018 09 13 03 20 18.JPG,2018-09-13 03:20:18,non_fantasma
2018 09 13 03 20 24.JPG,2018-09-13 03:20:24,non_fantasma
2018 09 13 03 20 25.JPG,2018-09-13 03:20:25,non_fantasma
2018 09 13 03 20 29.JPG,2018-09-13 03:20:29,non_fantasma
2018 09 13 03 20 30.JPG,2018-09-13 03:20:30,non_fantasma
2018 09 13 03 20 35.JPG,2018-09-13 03:20:35,non_fantasma
2018 09 13 03 20 36.JPG,2018-09-13 03:20:36,non_fantasma
2018 09 13 03 20 45.JPG,2018-09-13 03:20:45,non_fantasma
2018 09 13 03 20 46.JPG,2018-09-13 03:20:46,non_fantasma
2018 09 13 03 21 19.JPG,2018-09-13 03:21:19,non_fantasma
2018 09 13 03 21 20.JPG,2018-09-13 03:21:20,non_fantasma
2018 09 13 03 21 26.JPG,2018-09-13 03:21:26,non_fantasma
2018 09 13 03 21 27.JPG,2018-09-13 03:21:27,non_fantasma
2018 09 13 03 21 31.JPG,2018-09-13 03:21:31,non_fantasma
2018 09 13 03 21 32.JPG,2018-09-13 03:21:32,non_fantasma
2018 09 13 03 21 37.JPG,2018-09-13 03:21:37,non_fantasma
2018 09 13 03 21 38.JPG,2018-09-13 03:21:38,non_fantasma
2018 09 13 03 21 42.JPG,2018-09-13 03:21:42,non_fantasma
2018 09 13 03 21 43.JPG,2018-09-13 03:21:43,non_fantasma
2018 09 13 03 21 50.JPG,2018-09-13 03:21:50,non_fantasma
2018 09 13 03 21 51.JPG,2018-09-13 03:21:51,non_fantasma
2018 09 13 03 22 43.JPG,2018-09-13 03:22:43,non_fantasma
2018 09 13 03 22 44.JPG,2018-09-13 03:22:44,non_fantasma
2018 09 13 03 22 48.JPG,2018-09-13 03:22:48,non_fantasma
2018 09 13 03 22 49.JPG,2018-09-13 03:22:49,non_fantasma
2018 09 14 03 21 00.JPG,2018-09-14 03:21:00,fantasma
2018 09 14 03 21 59.JPG,2018-09-14 03:21:59,fantasma
2018 09 15 16 30 57.JPG,2018-09-15 16:30:57,non_fantasma
2018 09 15 16 30 58.JPG,2018-09-15 16:30:58,non_fantasma
2018 09 15 17 25 17.JPG,2018-09-15 17:25:17,fantasma
2018 09 15 17 25 18.JPG,2018-09-15 17:25:18,fantasma
2018 09 15 17 25 23.JPG,2018-09-15 17:25:23,non_fantasma
2018 09 15 17 25 24.JPG,2018-09-15 17:25:24,non_fantasma
2018 09 15 17 25 28.JPG,2018-09-15 17:25:28,non_fantasma
2018 09 15 17 25 29.JPG,2018-09-15 17:25:29,non_fantasma
2018 09 15 17 25 34.JPG,2018-09-15 17:25:34,non_fantasma
2018 09 15 17 25 35.JPG,2018-09-15 17:25:35,non_fantasma
2018 09 15 17 25 49.JPG,2018-09-15 17:25:49,non_fantasma
2018 09 15 17 25 50.JPG,2018-09-15 17:25:50,non_fantasma
2018 09 15 17 26 35.JPG,2018-09-15 17:26:35,non_fantasma
2018 09 15 17 26 36.JPG,2018-09-15 17:26:36,non_fantasma
2018 09 15 17 26 40.JPG,2018-09-15 17:26:40,non_fantasma
2018 09 15 17 26 41.JPG,2018-09-15 17:26:41,non_fantasma
2018 09 15 17 26 49.JPG,2018-09-15 17:26:49,non_fantasma
2018 09 15 17 26 50.JPG,2018-09-15 17:26:50,non_fantasma
2018 09 15 17 26 54.JPG,2018-09-15 17:26:54,non_fantasma
2018 09 15 17 26 55.JPG,2018-09-15 17:26:55,non_fantasma
2018 09 15 17 27 00.JPG,2018-09-15 17:27:00,fantasma
2018 09 15 17 27 01.JPG,2018-09-15 17:27:01,fantasma
2018 09 15 17 27 05.JPG,2018-09-15 17:27:05,non_fantasma
2018 09 15 17 27 06.JPG,2018-09-15 17:27:06,non_fantasma
2018 09 15 18 10 29.JPG,2018-09-15 18:10:29,non_fantasma
2018 09 15 18 10 30.JPG,2018-09-15 18:10:30,non_fantasma
2018 09 15 18 10 35.JPG,2018-09-15 18:10:35,non_fantasma
2018 09 15 18 10 36.JPG,2018-09-15 18:10:36,non_fantasma
2018 09 15 18 10 41.JPG,2018-09-15 18:10:41,non_fantasma
2018 09 15 18 10 42.JPG,2018-09-15 18:10:42,non_fantasma
2018 09 16 10 01 29.JPG,2018-09-16 10:01:29,non_fantasma
2018 09 16 10 01 30.JPG,2018-09-16 10:01:30,non_fantasma
2018 09 16 15 18 32.JPG,2018-09-16 15:18:32,non_fantasma
2018 09 16 15 18 33.JPG,2018-09-16 15:18:33,non_fantasma
2018 09 16 16 41 24.JPG,2018-09-16 16:41:24,non_fantasma
2018 09 16 16 41 25.JPG,2018-09-16 16:41:25,non_fantasma
2018 09 17 03 37 27.JPG,2018-09-17 03:37:27,non_fantasma
2018 09 17 03 37 28.JPG,2018-09-17 03:37:28,non_fantasma
2018 09 17 17 37 05.JPG,2018-09-17 17:37:05,non_fantasma
2018 09 17 17 37 06.JPG,2018-09-17 17:37:06,non_fantasma
2018 09 19 10 06 29.JPG,2018-09-19 10:06:29,fantasma
2018 09 19 10 06 30.JPG,2018-09-19 10:06:30,fantasma
2018 09 19 10 06 34.JPG,2018-09-19 10:06:34,non_fantasma
2018 09 19 10 06 35.JPG,2018-09-19 10:06:35,non_fantasma
2018 09 19 10 06 41.JPG,2018-09-19 10:06:41,non_fantasma
2018 09 19 10 06 42.JPG,2018-09-19 10:06:42,non_fantasma
2018 09 19 10 06 50.JPG,2018-09-19 10:06:50,non_fantasma
2018 09 19 10 06 51.JPG,2018-09-19 10:06:51,non_fantasma
2018 09 19 10 07 27.JPG,2018-09-19 10:07:27,fantasma
2018 09 19 10 07 28.JPG,2018-09-19 10:07:28,fantasma
2018 09 19 10 07 43.JPG,2018-09-19 10:07:43,fantasma
2018 09 19 10 07 44.JPG,2018-09-19 10:07:44,fantasma
2018 09 19 10 07 48.JPG,2018-09-19 10:07:48,non_fantasma
2018 09 19 10 07 49.JPG,2018-09-19 10:07:49,non_fantasma
2018 09 19 10 07 53.JPG,2018-09-19 10:07:53,non_fantasma
2018 09 19 10 07 54.JPG,2018-09-19 10:07:54,non_fantasma
2018 09 19 10 07 58.JPG,2018-09-19 10:07:58,non_fantasma
2018 09 19 10 07 59.JPG,2018-09-19 10:07:59,non_fantasma
2018 09 19 10 08 06.JPG,2018-09-19 10:08:06,non_fantasma
2018 09 19 10 08 07.JPG,2018-09-19 10:08:07,non_fantasma
2018 09 19 10 08 12.JPG,2018-09-19 10:08:12,non_fantasma
2018 09 19 10 08 13.JPG,2018-09-19 10:08:13,non_fantasma
2018 09 19 10 08 17.JPG,2018-09-19 10:08:17,fantasma
2018 09 19 10 08 18.JPG,2018-09-19 10:08:18,fantasma
2018 09 20 05 22 05.JPG,2018-09-20 05:22:05,fantasma
2018 09 20 05 22 06.JPG,2018-09-20 05:22:06,fantasma
2018 09 22 06 00 10.JPG,2018-09-22 06:00:10,non_fantasma
2018 09 22 06 00 11.JPG,2018-09-22 06:00:11,non_fantasma
2018 09 22 06 25 42.JPG,2018-09-22 06:25:42,non_fantasma
2018 09 22 06 25 43.JPG,2018-09-22 06:25:43,non_fantasma
2018 09 22 06 26 44.JPG,2018-09-22 06:26:44,non_fantasma
2018 09 22 06 26 45.JPG,2018-09-22 06:26:45,non_fantasma
2018 09 23 00 13 58.JPG,2018-09-23 00:13:58,non_fantasma
2018 09 23 00 13 59.JPG,2018-09-23 00:13:59,non_fantasma
2018 09 23 00 15 50.JPG,2018-09-23 00:15:50,non_fantasma
2018 09 23 00 15 51.JPG,2018-09-23 00:15:51,non_fantasma
2018 09 23 15 08 55.JPG,2018-09-23 15:08:55,non_fantasma
2018 09 23 15 08 56.JPG,2018-09-23 15:08:56,non_fantasma
2018 09 23 18 03 41.JPG,2018-09-23 18:03:41,non_fantasma
2018 09 23 18 03 42.JPG,2018-09-23 18:03:42,non_fantasma
2018 09 23 18 03 47.JPG,2018-09-23 18:03:47,non_fantasma
2018 09 23 18 03 48.JPG,2018-09-23 18:03:48,non_fantasma
2018 09 23 18 03 53.JPG,2018-09-23 18:03:53,non_fantasma
2018 09 23 18 03 54.JPG,2018-09-23 18:03:54,non_fantasma
2018 09 26 13 08 54.JPG,2018-09-26 13:08:54,non_fantasma
2018 09 26 13 08 55.JPG,2018-09-26 13:08:55,non_fantasma
2018 09 26 13 25 50.JPG,2018-09-26 13:25:50,non_fantasma
2018 09 26 13 25 51.JPG,2018-09-26 13:25:51,non_fantasma
2018 09 26 13 25 58.JPG,2018-09-26 13:25:58,non_fantasma
2018 09 26 13 25 59.JPG,2018-09-26 13:25:59,non_fantasma
2018 09 26 13 26 03.JPG,2018-09-26 13:26:03,non_fantasma
2018 09 26 13 26 04.JPG,2018-09-26 13:26:04,non_fantasma
2018 09 26 13 41 47.JPG,2018-09-26 13:41:47,non_fantasma
2018 09 26 13 41 48.JPG,2018-09-26 13:41:48,non_fantasma
2018 09 26 13 42 10.JPG,2018-09-26 13:42:10,non_fantasma
2018 09 26 13 42 11.JPG,2018-09-26 13:42:11,non_fantasma
2018 09 26 13 42 15.JPG,2018-09-26 13:42:15,non_fantasma
2018 09 26 13 42 16.JPG,2018-09-26 13:42:16,non_fantasma
2018 09 26 13 42 20.JPG,2018-09-26 13:42:20,non_fantasma
2018 09 26 13 42 21.JPG,2018-09-26 13:42:21,non_fantasma
2018 09 26 21 49 44.JPG,2018-09-26 21:49:44,non_fantasma
2018 09 26 21 49 45.JPG,2018-09-26 21:49:45,non_fantasma
2018 09 26 21 51 10.JPG,2018-09-26 21:51:10,non_fantasma
2018 09 26 21 51 11.JPG,2018-09-26 21:51:11,non_fantasma
2018 09 27 03 31 29.JPG,2018-09-27 03:31:29,non_fantasma
2018 09 27 03 31 30.JPG,2018-09-27 03:31:30,non_fantasma
2018 09 27 03 31 36.JPG,2018-09-27 03:31:36,non_fantasma
2018 09 27 03 31 37.JPG,2018-09-27 03:31:37,non_fantasma
2018 09 27 03 31 41.JPG,2018-09-27 03:31:41,fantasma
2018 09 27 03 31 42.JPG,2018-09-27 03:31:42,fantasma
2018 09 27 03 31 46.JPG,2018-09-27 03:31:46,fantasma
2018 09 27 03 31 47.JPG,2018-09-27 03:31:47,fantasma
2018 09 27 07 38 32.JPG,2018-09-27 07:38:32,non_fantasma
2018 09 27 07 38 33.JPG,2018-09-27 07:38:33,non_fantasma
2018 09 27 07 38 38.JPG,2018-09-27 07:38:38,non_fantasma
2018 09 27 07 38 39.JPG,2018-09-27 07:38:39,non_fantasma
2018 09 28 15 24 23.JPG,2018-09-28 15:24:23,fantasma
2018 09 28 15 24 24.JPG,2018-09-28 15:24:24,fantasma
2018 09 28 15 24 37.JPG,2018-09-28 15:24:37,non_fantasma
2018 09 28 15 24 38.JPG,2018-09-28 15:24:38,non_fantasma
2018 09 28 15 24 54.JPG,2018-09-28 15:24:54,non_fantasma
2018 09 28 15 24 55.JPG,2018-09-28 15:24:55,non_fantasma
2018 09 28 19 01 51.JPG,2018-09-28 19:01:51,non_fantasma
2018 09 28 19 01 52.JPG,2018-09-28 19:01:52,non_fantasma
2018 09 30 14 10 30.JPG,2018-09-30 14:10:30,fantasma
2018 09 30 14 10 31.JPG,2018-09-30 14:10:31,fantasma
2018 09 30 14 10 36.JPG,2018-09-30 14:10:36,non_fantasma
2018 09 30 14 10 37.JPG,2018-09-30 14:10:37,non_fantasma
2018 09 30 14 10 41.JPG,2018-09-30 14:10:41,non_fantasma
2018 09 30 14 10 42.JPG,2018-09-30 14:10:42,non_fantasma
2018 10 01 20 04 16.JPG,2018-10-01 20:04:16,non_fantasma
2018 10 01 20 04 17.JPG,2018-10-01 20:04:17,non_fantasma
2018 10 01 20 04 22.JPG,2018-10-01 20:04:22,non_fantasma
2018 10 01 20 04 23.JPG,2018-10-01 20:04:23,non_fantasma
2018 10 01 20 06 54.JPG,2018-10-01 20:06:54,non_fantasma
2018 10 01 20 06 55.JPG,2018-10-01 20:06:55,non_fantasma
2018 10 02 08 01 35.JPG,2018-10-02 08:01:35,non_fantasma
2018 10 02 08 01 36.JPG,2018-10-02 08:01:36,non_fantasma
2018 10 03 18 49 45.JPG,2018-10-03 18:49:45,fantasma
2018 10 03 18 49 46.JPG,2018-10-03 18:49:46,fantasma
2018 10 03 18 50 06.JPG,2018-10-03 18:50:06,fantasma
2018 10 03 18 50 07.JPG,2018-10-03 18:50:07,fantasma
2018 10 04 02 35 58.JPG,2018-10-04 02:35:58,non_fantasma
2018 10 04 02 35 59.JPG,2018-10-04 02:35:59,non_fantasma
2018 10 04 09 21 20.JPG,2018-10-04 09:21:20,non_fantasma
2018 10 04 09 21 22.JPG,2018-10-04 09:21:22,non_fantasma
2018 10 04 09 21 26.JPG,2018-10-04 09:21:26,non_fantasma
2018 10 04 09 21 27.JPG,2018-10-04 09:21:27,non_fantasma
2018 10 04 09 21 32.JPG,2018-10-04 09:21:32,non_fantasma
2018 10 04 09 21 33.JPG,2018-10-04 09:21:33,non_fantasma
2018 10 04 09 21 36.JPG,2018-10-04 09:21:36,non_fantasma
2018 10 04 09 21 37.JPG,2018-10-04 09:21:37,non_fantasma
2018 10 04 09 21 45.JPG,2018-10-04 09:21:45,non_fantasma
2018 10 04 09 21 46.JPG,2018-10-04 09:21:46,non_fantasma
2018 10 04 09 21 57.JPG,2018-10-04 09:21:57,non_fantasma
2018 10 04 09 21 58.JPG,2018-10-04 09:21:58,non_fantasma
2018 10 04 09 22 00.JPG,2018-10-04 09:22:00,non_fantasma
2018 10 04 09 22 06.JPG,2018-10-04 09:22:06,non_fantasma
2018 10 04 09 22 07.JPG,2018-10-04 09:22:07,non_fantasma
2018 10 04 09 22 13.JPG,2018-10-04 09:22:13,non_fantasma
2018 10 04 09 22 14.JPG,2018-10-04 09:22:14,non_fantasma
2018 10 04 09 22 18.JPG,2018-10-04 09:22:18,non_fantasma
2018 10 04 09 22 19.JPG,2018-10-04 09:22:19,non_fantasma
2018 10 04 09 22 23.JPG,2018-10-04 09:22:23,non_fantasma
2018 10 04 09 22 24.JPG,2018-10-04 09:22:24,non_fantasma
2018 10 04 09 22 29.JPG,2018-10-04 09:22:29,non_fantasma
2018 10 04 09 22 30.JPG,2018-10-04 09:22:30,non_fantasma
2018 10 04 09 22 36.JPG,2018-10-04 09:22:36,non_fantasma
2018 10 04 09 22 37.JPG,2018-10-04 09:22:37,non_fantasma
2018 10 04 09 22 46.JPG,2018-10-04 09:22:46,non_fantasma
2018 10 04 09 22 47.JPG,2018-10-04 09:22:47,non_fantasma
2018 10 04 09 22 52.JPG,2018-10-04 09:22:52,non_fantasma
2018 10 04 09 22 53.JPG,2018-10-04 09:22:53,non_fantasma
2018 10 04 09 22 59.JPG,2018-10-04 09:22:59,non_fantasma
2018 10 04 09 23 05.JPG,2018-10-04 09:23:05,non_fantasma
2018 10 04 09 23 06.JPG,2018-10-04 09:23:06,non_fantasma
2018 10 04 09 23 13.JPG,2018-10-04 09:23:13,non_fantasma
2018 10 04 09 23 14.JPG,2018-10-04 09:23:14,non_fantasma
2018 10 04 09 23 21.JPG,2018-10-04 09:23:21,non_fantasma
2018 10 04 09 23 22.JPG,2018-10-04 09:23:22,non_fantasma
2018 10 04 09 23 27.JPG,2018-10-04 09:23:27,non_fantasma
2018 10 04 09 23 28.JPG,2018-10-04 09:23:28,non_fantasma
2018 10 05 05 04 45.JPG,2018-10-05 05:04:45,fantasma
2018 10 05 05 04 46.JPG,2018-10-05 05:04:46,fantasma
2018 10 05 06 15 32.JPG,2018-10-05 06:15:32,non_fantasma
2018 10 05 06 15 33.JPG,2018-10-05 06:15:33,non_fantasma
2018 10 05 07 44 49.JPG,2018-10-05 07:44:49,non_fantasma
2018 10 05 07 44 50.JPG,2018-10-05 07:44:50,non_fantasma
2018 10 05 07 45 01.JPG,2018-10-05 07:45:01,non_fantasma
2018 10 05 07 45 02.JPG,2018-10-05 07:45:02,non_fantasma
2018 10 05 08 32 39.JPG,2018-10-05 08:32:39,non_fantasma
2018 10 05 08 32 40.JPG,2018-10-05 08:32:40,non_fantasma
2018 10 05 08 44 20.JPG,2018-10-05 08:44:20,non_fantasma
2018 10 05 08 44 21.JPG,2018-10-05 08:44:21,non_fantasma
2018 10 05 08 44 24.JPG,2018-10-05 08:44:24,non_fantasma
2018 10 05 08 44 25.JPG,2018-10-05 08:44:25,non_fantasma
2018 10 05 08 44 29.JPG,2018-10-05 08:44:29,non_fantasma
2018 10 05 08 44 30.JPG,2018-10-05 08:44:30,non_fantasma
2018 10 05 08 44 35.JPG,2018-10-05 08:44:35,non_fantasma
2018 10 05 08 44 36.JPG,2018-10-05 08:44:36,non_fantasma
2018 10 05 08 44 40.JPG,2018-10-05 08:44:40,non_fantasma
2018 10 05 08 44 41.JPG,2018-10-05 08:44:41,non_fantasma
2018 10 05 08 44 45.JPG,2018-10-05 08:44:45,non_fantasma
2018 10 05 08 44 46.JPG,2018-10-05 08:44:46,non_fantasma
2018 10 05 08 44 52.JPG,2018-10-05 08:44:52,non_fantasma
2018 10 05 08 44 53.JPG,2018-10-05 08:44:53,non_fantasma
2018 10 05 08 44 57.JPG,2018-10-05 08:44:57,non_fantasma
2018 10 05 08 44 58.JPG,2018-10-05 08:44:58,non_fantasma
2018 10 05 08 45 07.JPG,2018-10-05 08:45:07,non_fantasma
2018 10 05 08 45 08.JPG,2018-10-05 08:45:08,non_fantasma
2018 10 05 08 45 20.JPG,2018-10-05 08:45:20,non_fantasma
2018 10 05 08 45 21.JPG,2018-10-05 08:45:21,non_fantasma
2018 10 05 08 45 26.JPG,2018-10-05 08:45:26,non_fantasma
2018 10 05 08 45 27.JPG,2018-10-05 08:45:27,non_fantasma
2018 10 05 08 45 30.JPG,2018-10-05 08:45:30,fantasma
2018 10 05 08 45 31.JPG,2018-10-05 08:45:31,fantasma
2018 10 05 15 12 09.JPG,2018-10-05 15:12:09,non_fantasma
2018 10 05 15 12 10.JPG,2018-10-05 15:12:10,non_fantasma
2018 10 05 15 12 24.JPG,2018-10-05 15:12:24,non_fantasma
2018 10 05 15 12 25.JPG,2018-10-05 15:12:25,non_fantasma
2018 10 06 21 28 48.JPG,2018-10-06 21:28:48,fantasma
2018 10 06 21 28 49.JPG,2018-10-06 21:28:49,fantasma
2018 10 07 09 13 52.JPG,2018-10-07 09:13:52,fantasma
2018 10 07 09 13 53.JPG,2018-10-07 09:13:53,fantasma
2018 10 07 09 14 00.JPG,2018-10-07 09:14:00,non_fantasma
2018 10 07 09 14 01.JPG,2018-10-07 09:14:01,non_fantasma
2018 10 08 09 43 58.JPG,2018-10-08 09:43:58,non_fantasma
2018 10 08 09 43 59.JPG,2018-10-08 09:43:59,non_fantasma
2018 10 09 17 44 03.JPG,2018-10-09 17:44:03,non_fantasma
2018 10 09 17 44 04.JPG,2018-10-09 17:44:04,non_fantasma
2018 10 09 17 44 34.JPG,2018-10-09 17:44:34,non_fantasma
2018 10 09 17 44 35.JPG,2018-10-09 17:44:35,non_fantasma
2018 10 11 08 50 22.JPG,2018-10-11 08:50:22,fantasma
2018 10 11 08 50 23.JPG,2018-10-11 08:50:23,fantasma
2018 10 11 08 50 30.JPG,2018-10-11 08:50:30,non_fantasma
2018 10 11 08 50 31.JPG,2018-10-11 08:50:31,non_fantasma
2018 10 12 02 55 18.JPG,2018-10-12 02:55:18,non_fantasma
2018 10 12 02 55 19.JPG,2018-10-12 02:55:19,non_fantasma
2018 10 13 07 42 02.JPG,2018-10-13 07:42:02,fantasma
2018 10 13 07 42 03.JPG,2018-10-13 07:42:03,fantasma
2018 10 13 07 42 17.JPG,2018-10-13 07:42:17,non_fantasma
2018 10 13 07 42 18.JPG,2018-10-13 07:42:18,non_fantasma
2018 10 13 19 39 16.JPG,2018-10-13 19:39:16,non_fantasma
2018 10 13 19 39 17.JPG,2018-10-13 19:39:17,non_fantasma
2018 10 13 19 39 27.JPG,2018-10-13 19:39:27,non_fantasma
2018 10 13 19 39 28.JPG,2018-10-13 19:39:28,non_fantasma
2018 10 13 19 39 32.JPG,2018-10-13 19:39:32,non_fantasma
2018 10 13 19 39 33.JPG,2018-10-13 19:39:33,non_fantasma
2018 10 13 19 39 39.JPG,2018-10-13 19:39:39,non_fantasma
2018 10 13 19 39 40.JPG,2018-10-13 19:39:40,non_fantasma
2018 10 13 19 39 45.JPG,2018-10-13 19:39:45,non_fantasma
2018 10 13 19 39 46.JPG,2018-10-13 19:39:46,non_fantasma
2018 10 13 19 39 54.JPG,2018-10-13 19:39:54,non_fantasma
2018 10 13 19 39 55.JPG,2018-10-13 19:39:55,non_fantasma
2018 10 13 19 40 02.JPG,2018-10-13 19:40:02,non_fantasma
2018 10 13 19 40 03.JPG,2018-10-13 19:40:03,non_fantasma
2018 10 13 19 40 06.JPG,2018-10-13 19:40:06,non_fantasma
2018 10 13 19 40 07.JPG,2018-10-13 19:40:07,non_fantasma
2018 10 13 19 40 17.JPG,2018-10-13 19:40:17,fantasma
2018 10 13 19 40 18.JPG,2018-10-13 19:40:18,fantasma
2018 10 13 19 40 22.JPG,2018-10-13 19:40:22,non_fantasma
2018 10 13 19 40 23.JPG,2018-10-13 19:40:23,non_fantasma
2018 10 13 19 40 33.JPG,2018-10-13 19:40:33,non_fantasma
2018 10 13 19 40 34.JPG,2018-10-13 19:40:34,non_fantasma
2018 10 13 19 40 38.JPG,2018-10-13 19:40:38,non_fantasma
2018 10 13 19 40 39.JPG,2018-10-13 19:40:39,non_fantasma
2018 10 13 19 40 44.JPG,2018-10-13 19:40:44,non_fantasma
2018 10 13 19 40 45.JPG,2018-10-13 19:40:45,non_fantasma
2018 10 13 19 40 49.JPG,2018-10-13 19:40:49,non_fantasma
2018 10 13 19 40 50.JPG,2018-10-13 19:40:50,non_fantasma
2018 10 13 19 40 55.JPG,2018-10-13 19:40:55,non_fantasma
2018 10 13 19 40 56.JPG,2018-10-13 19:40:56,non_fantasma
2018 10 13 19 41 00.JPG,2018-10-13 19:41:00,non_fantasma
2018 10 13 19 41 01.JPG,2018-10-13 19:41:01,non_fantasma
2018 10 13 19 41 06.JPG,2018-10-13 19:41:06,non_fantasma
2018 10 13 19 41 07.JPG,2018-10-13 19:41:07,non_fantasma
2018 10 13 19 41 20.JPG,2018-10-13 19:41:20,non_fantasma
2018 10 13 19 41 21.JPG,2018-10-13 19:41:21,non_fantasma
2018 10 13 19 41 27.JPG,2018-10-13 19:41:27,non_fantasma
2018 10 13 19 41 28.JPG,2018-10-13 19:41:28,non_fantasma
2018 10 13 19 41 33.JPG,2018-10-13 19:41:33,non_fantasma
2018 10 13 19 41 34.JPG,2018-10-13 19:41:34,non_fantasma
2018 10 13 19 41 37.JPG,2018-10-13 19:41:37,fantasma
2018 10 13 19 41 38.JPG,2018-10-13 19:41:38,fantasma
2018 10 13 19 43 48.JPG,2018-10-13 19:43:48,fantasma
2018 10 13 19 43 49.JPG,2018-10-13 19:43:49,fantasma
2018 10 13 19 43 57.JPG,2018-10-13 19:43:57,fantasma
2018 10 13 19 43 58.JPG,2018-10-13 19:43:58,fantasma
2018 10 13 19 44 02.JPG,2018-10-13 19:44:02,fantasma
2018 10 13 19 44 03.JPG,2018-10-13 19:44:03,fantasma
2018 10 13 19 44 08.JPG,2018-10-13 19:44:08,non_fantasma
2018 10 13 19 44 09.JPG,2018-10-13 19:44:09,non_fantasma
2018 10 13 19 44 13.JPG,2018-10-13 19:44:13,non_fantasma
2018 10 13 19 44 14.JPG,2018-10-13 19:44:14,non_fantasma
2018 10 13 19 44 20.JPG,2018-10-13 19:44:20,non_fantasma
2018 10 13 19 44 21.JPG,2018-10-13 19:44:21,non_fantasma
2018 10 13 19 44 32.JPG,2018-10-13 19:44:32,non_fantasma
2018 10 13 19 44 33.JPG,2018-10-13 19:44:33,non_fantasma
2018 10 13 19 44 39.JPG,2018-10-13 19:44:39,fantasma
2018 10 13 19 44 40.JPG,2018-10-13 19:44:40,fantasma
2018 10 13 19 44 43.JPG,2018-10-13 19:44:43,non_fantasma
2018 10 13 19 44 44.JPG,2018-10-13 19:44:44,non_fantasma
2018 10 13 19 44 49.JPG,2018-10-13 19:44:49,fantasma
2018 10 13 19 44 50.JPG,2018-10-13 19:44:50,fantasma
2018 10 13 20 17 10.JPG,2018-10-13 20:17:10,fantasma
2018 10 13 20 17 11.JPG,2018-10-13 20:17:11,fantasma
2018 10 13 20 17 15.JPG,2018-10-13 20:17:15,non_fantasma
2018 10 13 20 17 17.JPG,2018-10-13 20:17:17,non_fantasma
2018 10 13 20 17 21.JPG,2018-10-13 20:17:21,non_fantasma
2018 10 13 20 17 22.JPG,2018-10-13 20:17:22,non_fantasma
2018 10 13 20 17 44.JPG,2018-10-13 20:17:44,non_fantasma
2018 10 13 20 17 45.JPG,2018-10-13 20:17:45,non_fantasma
2018 10 13 20 17 48.JPG,2018-10-13 20:17:48,non_fantasma
2018 10 13 20 17 49.JPG,2018-10-13 20:17:49,non_fantasma
2018 10 13 20 17 54.JPG,2018-10-13 20:17:54,non_fantasma
2018 10 13 20 17 55.JPG,2018-10-13 20:17:55,non_fantasma
2018 10 13 20 18 02.JPG,2018-10-13 20:18:02,non_fantasma
2018 10 13 20 18 03.JPG,2018-10-13 20:18:03,non_fantasma
2018 10 13 20 18 06.JPG,2018-10-13 20:18:06,non_fantasma
2018 10 13 20 18 07.JPG,2018-10-13 20:18:07,non_fantasma
2018 10 13 20 18 12.JPG,2018-10-13 20:18:12,non_fantasma
2018 10 13 20 18 13.JPG,2018-10-13 20:18:13,non_fantasma
2018 10 13 20 18 17.JPG,2018-10-13 20:18:17,non_fantasma
2018 10 13 20 18 18.JPG,2018-10-13 20:18:18,non_fantasma
2018 10 13 20 18 30.JPG,2018-10-13 20:18:30,non_fantasma
2018 10 13 20 18 31.JPG,2018-10-13 20:18:31,non_fantasma
2018 10 13 20 19 08.JPG,2018-10-13 20:19:08,non_fantasma
2018 10 13 20 19 09.JPG,2018-10-13 20:19:09,non_fantasma
2018 10 13 20 19 17.JPG,2018-10-13 20:19:17,non_fantasma
2018 10 13 20 19 18.JPG,2018-10-13 20:19:18,non_fantasma
2018 10 13 20 19 23.JPG,2018-10-13 20:19:23,non_fantasma
2018 10 13 20 19 24.JPG,2018-10-13 20:19:24,non_fantasma
2018 10 13 20 19 28.JPG,2018-10-13 20:19:28,non_fantasma
2018 10 13 20 19 29.JPG,2018-10-13 20:19:29,non_fantasma
2018 10 13 20 19 36.JPG,2018-10-13 20:19:36,non_fantasma
2018 10 13 20 19 37.JPG,2018-10-13 20:19:37,non_fantasma
2018 10 13 20 20 00.JPG,2018-10-13 20:20:00,non_fantasma
2018 10 13 20 20 01.JPG,2018-10-13 20:20:01,non_fantasma
2018 10 13 20 20 04.JPG,2018-10-13 20:20:04,non_fantasma
2018 10 13 20 20 05.JPG,2018-10-13 20:20:05,non_fantasma
2018 10 13 20 20 14.JPG,2018-10-13 20:20:14,non_fantasma
2018 10 13 20 20 15.JPG,2018-10-13 20:20:15,non_fantasma
2018 10 13 20 20 19.JPG,2018-10-13 20:20:19,non_fantasma
2018 10 13 20 20 20.JPG,2018-10-13 20:20:20,non_fantasma
2018 10 13 20 20 25.JPG,2018-10-13 20:20:25,non_fantasma
2018 10 13 20 20 26.JPG,2018-10-13 20:20:26,non_fantasma
2018 10 13 20 20 37.JPG,2018-10-13 20:20:37,non_fantasma
2018 10 13 20 20 38.JPG,2018-10-13 20:20:38,non_fantasma
2018 10 13 20 20 43.JPG,2018-10-13 20:20:43,non_fantasma
2018 10 13 20 20 44.JPG,2018-10-13 20:20:44,non_fantasma
2018 10 13 20 20 48.JPG,2018-10-13 20:20:48,non_fantasma
2018 10 13 20 20 49.JPG,2018-10-13 20:20:49,non_fantasma
2018 10 13 20 21 05.JPG,2018-10-13 20:21:05,fantasma
2018 10 13 20 21 06.JPG,2018-10-13 20:21:06,fantasma
2018 10 13 20 22 20.JPG,2018-10-13 20:22:20,fantasma
2018 10 13 20 22 21.JPG,2018-10-13 20:22:21,fantasma
2018 10 13 20 22 29.JPG,2018-10-13 20:22:29,fantasma
2018 10 13 20 22 30.JPG,2018-10-13 20:22:30,fantasma
2018 10 13 20 22 34.JPG,2018-10-13 20:22:34,non_fantasma
2018 10 13 20 22 35.JPG,2018-10-13 20:22:35,non_fantasma
2018 10 13 20 22 45.JPG,2018-10-13 20:22:45,non_fantasma
2018 10 13 20 22 46.JPG,2018-10-13 20:22:46,non_fantasma
2018 10 13 20 23 10.JPG,2018-10-13 20:23:10,non_fantasma
2018 10 13 20 23 11.JPG,2018-10-13 20:23:11,non_fantasma
2018 10 13 20 23 26.JPG,2018-10-13 20:23:26,non_fantasma
2018 10 13 20 23 27.JPG,2018-10-13 20:23:27,non_fantasma
2018 10 13 20 28 30.JPG,2018-10-13 20:28:30,non_fantasma
2018 10 13 20 28 31.JPG,2018-10-13 20:28:31,non_fantasma
2018 10 13 20 28 36.JPG,2018-10-13 20:28:36,fantasma
2018 10 13 20 28 37.JPG,2018-10-13 20:28:37,fantasma
2018 10 13 20 31 05.JPG,2018-10-13 20:31:05,fantasma
2018 10 13 20 31 06.JPG,2018-10-13 20:31:06,fantasma
2018 10 13 20 31 09.JPG,2018-10-13 20:31:09,non_fantasma
2018 10 13 20 31 10.JPG,2018-10-13 20:31:10,non_fantasma
2018 10 13 21 53 03.JPG,2018-10-13 21:53:03,fantasma
2018 10 13 21 53 04.JPG,2018-10-13 21:53:04,fantasma
2018 10 15 04 56 35.JPG,2018-10-15 04:56:35,fantasma
2018 10 15 04 56 36.JPG,2018-10-15 04:56:36,fantasma
2018 10 15 07 39 46.JPG,2018-10-15 07:39:46,fantasma
2018 10 15 07 39 47.JPG,2018-10-15 07:39:47,fantasma
2018 10 15 07 39 51.JPG,2018-10-15 07:39:51,non_fantasma
2018 10 15 07 39 52.JPG,2018-10-15 07:39:52,non_fantasma
2018 10 15 07 39 58.JPG,2018-10-15 07:39:58,non_fantasma
2018 10 15 07 39 59.JPG,2018-10-15 07:39:59,non_fantasma
2018 10 15 07 40 03.JPG,2018-10-15 07:40:03,non_fantasma
2018 10 15 07 40 04.JPG,2018-10-15 07:40:04,non_fantasma
2018 10 15 07 40 08.JPG,2018-10-15 07:40:08,non_fantasma
2018 10 15 07 40 09.JPG,2018-10-15 07:40:09,non_fantasma
2018 10 16 08 52 46.JPG,2018-10-16 08:52:46,fantasma
2018 10 16 08 52 47.JPG,2018-10-16 08:52:47,fantasma
2018 10 16 08 52 50.JPG,2018-10-16 08:52:50,fantasma
2018 10 16 08 52 51.JPG,2018-10-16 08:52:51,fantasma
2018 10 16 08 52 56.JPG,2018-10-16 08:52:56,non_fantasma
2018 10 16 08 52 57.JPG,2018-10-16 08:52:57,non_fantasma
2018 10 16 17 20 56.JPG,2018-10-16 17:20:56,non_fantasma
2018 10 16 17 20 57.JPG,2018-10-16 17:20:57,non_fantasma
2018 10 16 19 00 41.JPG,2018-10-16 19:00:41,non_fantasma
2018 10 16 19 00 42.JPG,2018-10-16 19:00:42,non_fantasma
2018 10 17 07 53 38.JPG,2018-10-17 07:53:38,non_fantasma
2018 10 17 07 53 39.JPG,2018-10-17 07:53:39,non_fantasma
2018 10 17 07 56 30.JPG,2018-10-17 07:56:30,non_fantasma
2018 10 17 07 56 31.JPG,2018-10-17 07:56:31,non_fantasma
2018 10 17 07 56 35.JPG,2018-10-17 07:56:35,non_fantasma
2018 10 17 07 56 36.JPG,2018-10-17 07:56:36,non_fantasma
2018 10 17 07 56 41.JPG,2018-10-17 07:56:41,non_fantasma
2018 10 17 07 56 42.JPG,2018-10-17 07:56:42,non_fantasma
2018 10 17 07 56 45.JPG,2018-10-17 07:56:45,non_fantasma
2018 10 17 07 56 46.JPG,2018-10-17 07:56:46,non_fantasma
2018 10 17 07 57 03.JPG,2018-10-17 07:57:03,non_fantasma
2018 10 17 07 57 04.JPG,2018-10-17 07:57:04,non_fantasma
2018 10 17 07 57 09.JPG,2018-10-17 07:57:09,non_fantasma
2018 10 17 07 57 10.JPG,2018-10-17 07:57:10,non_fantasma
2018 10 17 07 57 14.JPG,2018-10-17 07:57:14,non_fantasma
2018 10 17 07 57 15.JPG,2018-10-17 07:57:15,non_fantasma
2018 10 17 07 57 19.JPG,2018-10-17 07:57:19,non_fantasma
2018 10 17 07 57 20.JPG,2018-10-17 07:57:20,non_fantasma
2018 10 17 07 57 21.JPG,2018-10-17 07:57:21,non_fantasma
2018 10 17 07 57 24.JPG,2018-10-17 07:57:24,non_fantasma
2018 10 17 07 57 25.JPG,2018-10-17 07:57:25,non_fantasma
2018 10 17 07 57 29.JPG,2018-10-17 07:57:29,non_fantasma
2018 10 17 07 57 35.JPG,2018-10-17 07:57:35,non_fantasma
2018 10 17 07 57 36.JPG,2018-10-17 07:57:36,non_fantasma
2018 10 17 07 57 39.JPG,2018-10-17 07:57:39,non_fantasma
2018 10 17 07 57 40.JPG,2018-10-17 07:57:40,non_fantasma
2018 10 17 07 57 45.JPG,2018-10-17 07:57:45,non_fantasma
2018 10 17 07 57 46.JPG,2018-10-17 07:57:46,non_fantasma
2018 10 17 07 57 50.JPG,2018-10-17 07:57:50,non_fantasma
2018 10 17 07 57 51.JPG,2018-10-17 07:57:51,non_fantasma
2018 10 17 07 57 56.JPG,2018-10-17 07:57:56,non_fantasma
2018 10 17 07 57 57.JPG,2018-10-17 07:57:57,non_fantasma
2018 10 17 07 58 01.JPG,2018-10-17 07:58:01,non_fantasma
2018 10 17 07 58 02.JPG,2018-10-17 07:58:02,non_fantasma
2018 10 17 07 58 07.JPG,2018-10-17 07:58:07,non_fantasma
2018 10 17 07 58 08.JPG,2018-10-17 07:58:08,non_fantasma
2018 10 17 07 58 12.JPG,2018-10-17 07:58:12,non_fantasma
2018 10 17 07 58 13.JPG,2018-10-17 07:58:13,non_fantasma
2018 10 17 07 58 18.JPG,2018-10-17 07:58:18,non_fantasma
2018 10 17 07 58 19.JPG,2018-10-17 07:58:19,non_fantasma
2018 10 17 07 58 26.JPG,2018-10-17 07:58:26,non_fantasma
2018 10 17 07 58 27.JPG,2018-10-17 07:58:27,non_fantasma
2018 10 17 07 58 31.JPG,2018-10-17 07:58:31,non_fantasma
2018 10 17 07 58 32.JPG,2018-10-17 07:58:32,non_fantasma
2018 10 17 07 58 40.JPG,2018-10-17 07:58:40,non_fantasma
2018 10 17 07 58 41.JPG,2018-10-17 07:58:41,non_fantasma
2018 10 17 07 59 14.JPG,2018-10-17 07:59:14,non_fantasma
2018 10 17 07 59 15.JPG,2018-10-17 07:59:15,non_fantasma
2018 10 17 07 59 20.JPG,2018-10-17 07:59:20,fantasma
2018 10 17 07 59 21.JPG,2018-10-17 07:59:21,fantasma
2018 10 17 07 59 54.JPG,2018-10-17 07:59:54,non_fantasma
2018 10 17 07 59 55.JPG,2018-10-17 07:59:55,non_fantasma
2018 10 17 08 16 45.JPG,2018-10-17 08:16:45,fantasma
2018 10 17 08 16 46.JPG,2018-10-17 08:16:46,fantasma
2018 10 17 08 16 51.JPG,2018-10-17 08:16:51,non_fantasma
2018 10 17 08 16 52.JPG,2018-10-17 08:16:52,non_fantasma
2018 10 17 08 16 57.JPG,2018-10-17 08:16:57,fantasma
2018 10 17 08 16 58.JPG,2018-10-17 08:16:58,fantasma
2018 10 17 08 17 01.JPG,2018-10-17 08:17:01,non_fantasma
2018 10 17 08 17 02.JPG,2018-10-17 08:17:02,non_fantasma
2018 10 17 08 32 15.JPG,2018-10-17 08:32:15,non_fantasma
2018 10 17 08 32 16.JPG,2018-10-17 08:32:16,non_fantasma
2018 10 17 08 32 19.JPG,2018-10-17 08:32:19,non_fantasma
2018 10 17 08 32 20.JPG,2018-10-17 08:32:20,non_fantasma
2018 10 17 08 32 25.JPG,2018-10-17 08:32:25,non_fantasma
2018 10 17 08 32 26.JPG,2018-10-17 08:32:26,non_fantasma
2018 10 17 08 32 32.JPG,2018-10-17 08:32:32,non_fantasma
2018 10 17 08 32 33.JPG,2018-10-17 08:32:33,non_fantasma
2018 10 17 08 32 59.JPG,2018-10-17 08:32:59,non_fantasma
2018 10 17 08 33 00.JPG,2018-10-17 08:33:00,non_fantasma
2018 10 17 08 33 07.JPG,2018-10-17 08:33:07,non_fantasma
2018 10 17 08 33 08.JPG,2018-10-17 08:33:08,non_fantasma
2018 10 17 08 33 21.JPG,2018-10-17 08:33:21,non_fantasma
2018 10 17 08 33 22.JPG,2018-10-17 08:33:22,non_fantasma
2018 10 17 08 33 26.JPG,2018-10-17 08:33:26,non_fantasma
2018 10 17 08 33 27.JPG,2018-10-17 08:33:27,non_fantasma
2018 10 17 08 33 31.JPG,2018-10-17 08:33:31,non_fantasma
2018 10 17 08 33 32.JPG,2018-10-17 08:33:32,non_fantasma
2018 10 17 08 33 54.JPG,2018-10-17 08:33:54,non_fantasma
2018 10 17 08 33 55.JPG,2018-10-17 08:33:55,non_fantasma
2018 10 17 08 34 11.JPG,2018-10-17 08:34:11,non_fantasma
2018 10 17 08 34 12.JPG,2018-10-17 08:34:12,non_fantasma
2018 10 17 08 47 21.JPG,2018-10-17 08:47:21,non_fantasma
2018 10 17 08 47 22.JPG,2018-10-17 08:47:22,non_fantasma
2018 10 17 08 47 44.JPG,2018-10-17 08:47:44,non_fantasma
2018 10 17 08 47 45.JPG,2018-10-17 08:47:45,non_fantasma
2018 10 17 08 47 49.JPG,2018-10-17 08:47:49,fantasma
2018 10 17 08 47 50.JPG,2018-10-17 08:47:50,fantasma
2018 10 17 08 50 33.JPG,2018-10-17 08:50:33,non_fantasma
2018 10 17 08 50 34.JPG,2018-10-17 08:50:34,non_fantasma
2018 10 17 09 11 04.JPG,2018-10-17 09:11:04,non_fantasma
2018 10 17 09 11 05.JPG,2018-10-17 09:11:05,non_fantasma
2018 10 17 19 18 36.JPG,2018-10-17 19:18:36,fantasma
2018 10 17 19 18 37.JPG,2018-10-17 19:18:37,fantasma
2018 10 17 19 30 14.JPG,2018-10-17 19:30:14,non_fantasma
2018 10 17 19 30 15.JPG,2018-10-17 19:30:15,non_fantasma
2018 10 17 19 30 20.JPG,2018-10-17 19:30:20,non_fantasma
2018 10 17 19 30 21.JPG,2018-10-17 19:30:21,non_fantasma
2018 10 17 19 30 24.JPG,2018-10-17 19:30:24,non_fantasma
2018 10 17 19 30 25.JPG,2018-10-17 19:30:25,non_fantasma
2018 10 17 19 30 30.JPG,2018-10-17 19:30:30,non_fantasma
2018 10 17 19 30 31.JPG,2018-10-17 19:30:31,non_fantasma
2018 10 17 19 30 36.JPG,2018-10-17 19:30:36,non_fantasma
2018 10 17 19 30 37.JPG,2018-10-17 19:30:37,non_fantasma
2018 10 17 19 30 42.JPG,2018-10-17 19:30:42,non_fantasma
2018 10 17 19 30 43.JPG,2018-10-17 19:30:43,non_fantasma
2018 10 17 19 30 49.JPG,2018-10-17 19:30:49,non_fantasma
2018 10 17 19 30 50.JPG,2018-10-17 19:30:50,non_fantasma
2018 10 17 19 30 53.JPG,2018-10-17 19:30:53,non_fantasma
2018 10 17 19 30 54.JPG,2018-10-17 19:30:54,non_fantasma
2018 10 17 19 30 58.JPG,2018-10-17 19:30:58,non_fantasma
2018 10 17 19 30 59.JPG,2018-10-17 19:30:59,non_fantasma
2018 10 17 19 31 03.JPG,2018-10-17 19:31:03,non_fantasma
2018 10 17 19 31 04.JPG,2018-10-17 19:31:04,non_fantasma
2018 10 17 19 31 08.JPG,2018-10-17 19:31:08,non_fantasma
2018 10 17 19 31 09.JPG,2018-10-17 19:31:09,non_fantasma
2018 10 17 19 31 14.JPG,2018-10-17 19:31:14,non_fantasma
2018 10 17 19 31 15.JPG,2018-10-17 19:31:15,non_fantasma
2018 10 17 19 33 45.JPG,2018-10-17 19:33:45,non_fantasma
2018 10 17 19 33 46.JPG,2018-10-17 19:33:46,non_fantasma
2018 10 17 19 33 51.JPG,2018-10-17 19:33:51,non_fantasma
2018 10 17 19 33 52.JPG,2018-10-17 19:33:52,non_fantasma
2018 10 17 19 33 57.JPG,2018-10-17 19:33:57,non_fantasma
2018 10 17 19 33 58.JPG,2018-10-17 19:33:58,non_fantasma
2018 10 17 19 34 02.JPG,2018-10-17 19:34:02,non_fantasma
2018 10 17 19 34 03.JPG,2018-10-17 19:34:03,non_fantasma
2018 10 17 19 34 07.JPG,2018-10-17 19:34:07,non_fantasma
2018 10 17 19 34 08.JPG,2018-10-17 19:34:08,non_fantasma
2018 10 17 19 34 12.JPG,2018-10-17 19:34:12,non_fantasma
2018 10 17 19 34 13.JPG,2018-10-17 19:34:13,non_fantasma
2018 10 17 19 34 17.JPG,2018-10-17 19:34:17,non_fantasma
2018 10 17 19 34 18.JPG,2018-10-17 19:34:18,non_fantasma
2018 10 17 19 34 23.JPG,2018-10-17 19:34:23,non_fantasma
2018 10 17 19 34 24.JPG,2018-10-17 19:34:24,non_fantasma
2018 10 17 21 11 19.JPG,2018-10-17 21:11:19,non_fantasma
2018 10 17 21 11 20.JPG,2018-10-17 21:11:20,non_fantasma
2018 10 17 21 31 07.JPG,2018-10-17 21:31:07,fantasma
2018 10 17 21 31 08.JPG,2018-10-17 21:31:08,fantasma
2018 10 17 21 31 13.JPG,2018-10-17 21:31:13,fantasma
2018 10 17 21 31 14.JPG,2018-10-17 21:31:14,fantasma
2018 10 18 01 13 29.JPG,2018-10-18 01:13:29,fantasma
2018 10 18 01 13 30.JPG,2018-10-18 01:13:30,fantasma
2018 10 18 01 13 34.JPG,2018-10-18 01:13:34,fantasma
2018 10 18 01 13 35.JPG,2018-10-18 01:13:35,fantasma
2018 10 18 01 13 40.JPG,2018-10-18 01:13:40,fantasma
2018 10 18 01 13 41.JPG,2018-10-18 01:13:41,fantasma
2018 10 18 01 13 44.JPG,2018-10-18 01:13:44,non_fantasma
2018 10 18 01 13 45.JPG,2018-10-18 01:13:45,non_fantasma
2018 10 18 01 13 49.JPG,2018-10-18 01:13:49,non_fantasma
2018 10 18 01 13 50.JPG,2018-10-18 01:13:50,non_fantasma
2018 10 18 01 13 55.JPG,2018-10-18 01:13:55,non_fantasma
2018 10 18 01 13 56.JPG,2018-10-18 01:13:56,non_fantasma
2018 10 18 01 14 00.JPG,2018-10-18 01:14:00,non_fantasma
2018 10 18 01 14 01.JPG,2018-10-18 01:14:01,non_fantasma
2018 10 18 01 14 05.JPG,2018-10-18 01:14:05,non_fantasma
2018 10 18 01 14 06.JPG,2018-10-18 01:14:06,non_fantasma
2018 10 18 01 14 11.JPG,2018-10-18 01:14:11,non_fantasma
2018 10 18 01 14 12.JPG,2018-10-18 01:14:12,non_fantasma
2018 10 18 01 14 16.JPG,2018-10-18 01:14:16,non_fantasma
2018 10 18 01 14 17.JPG,2018-10-18 01:14:17,non_fantasma
2018 10 18 01 14 21.JPG,2018-10-18 01:14:21,non_fantasma
2018 10 18 01 14 22.JPG,2018-10-18 01:14:22,non_fantasma
2018 10 18 01 14 28.JPG,2018-10-18 01:14:28,non_fantasma
2018 10 18 01 14 29.JPG,2018-10-18 01:14:29,non_fantasma
2018 10 18 01 14 32.JPG,2018-10-18 01:14:32,non_fantasma
2018 10 18 01 14 33.JPG,2018-10-18 01:14:33,non_fantasma
2018 10 18 01 14 38.JPG,2018-10-18 01:14:38,non_fantasma
2018 10 18 01 14 39.JPG,2018-10-18 01:14:39,non_fantasma
2018 10 18 01 14 44.JPG,2018-10-18 01:14:44,non_fantasma
2018 10 18 01 14 45.JPG,2018-10-18 01:14:45,non_fantasma
2018 10 18 01 14 50.JPG,2018-10-18 01:14:50,non_fantasma
2018 10 18 01 14 51.JPG,2018-10-18 01:14:51,non_fantasma
2018 10 18 01 14 55.JPG,2018-10-18 01:14:55,non_fantasma
2018 10 18 01 14 56.JPG,2018-10-18 01:14:56,non_fantasma
2018 10 18 01 14 59.JPG,2018-10-18 01:14:59,non_fantasma
2018 10 18 01 15 00.JPG,2018-10-18 01:15:00,non_fantasma
2018 10 18 01 15 04.JPG,2018-10-18 01:15:04,non_fantasma
2018 10 18 01 15 05.JPG,2018-10-18 01:15:05,non_fantasma
2018 10 18 01 15 18.JPG,2018-10-18 01:15:18,non_fantasma
2018 10 18 01 15 19.JPG,2018-10-18 01:15:19,non_fantasma
2018 10 18 01 15 27.JPG,2018-10-18 01:15:27,non_fantasma
2018 10 18 01 15 28.JPG,2018-10-18 01:15:28,non_fantasma
2018 10 18 01 15 51.JPG,2018-10-18 01:15:51,non_fantasma
2018 10 18 01 15 52.JPG,2018-10-18 01:15:52,non_fantasma
2018 10 18 01 15 55.JPG,2018-10-18 01:15:55,non_fantasma
2018 10 18 01 15 56.JPG,2018-10-18 01:15:56,non_fantasma
2018 10 18 01 16 00.JPG,2018-10-18 01:16:00,non_fantasma
2018 10 18 01 16 01.JPG,2018-10-18 01:16:01,non_fantasma
2018 10 18 01 16 05.JPG,2018-10-18 01:16:05,non_fantasma
2018 10 18 01 16 06.JPG,2018-10-18 01:16:06,non_fantasma
2018 10 18 01 16 11.JPG,2018-10-18 01:16:11,non_fantasma
2018 10 18 01 16 12.JPG,2018-10-18 01:16:12,non_fantasma
2018 10 18 01 16 15.JPG,2018-10-18 01:16:15,non_fantasma
2018 10 18 01 16 16.JPG,2018-10-18 01:16:16,non_fantasma
2018 10 18 01 16 21.JPG,2018-10-18 01:16:21,non_fantasma
2018 10 18 01 16 22.JPG,2018-10-18 01:16:22,non_fantasma
2018 10 18 01 22 31.JPG,2018-10-18 01:22:31,non_fantasma
2018 10 18 01 22 32.JPG,2018-10-18 01:22:32,non_fantasma
2018 10 18 01 22 37.JPG,2018-10-18 01:22:37,non_fantasma
2018 10 18 01 22 38.JPG,2018-10-18 01:22:38,non_fantasma
2018 10 18 01 31 53.JPG,2018-10-18 01:31:53,non_fantasma
2018 10 18 01 31 54.JPG,2018-10-18 01:31:54,non_fantasma
2018 10 18 01 32 02.JPG,2018-10-18 01:32:02,non_fantasma
2018 10 18 01 32 03.JPG,2018-10-18 01:32:03,non_fantasma
2018 10 18 01 32 09.JPG,2018-10-18 01:32:09,non_fantasma
2018 10 18 01 32 10.JPG,2018-10-18 01:32:10,non_fantasma
2018 10 18 01 32 31.JPG,2018-10-18 01:32:31,non_fantasma
2018 10 18 01 32 32.JPG,2018-10-18 01:32:32,non_fantasma
2018 10 18 03 58 46.JPG,2018-10-18 03:58:46,fantasma
2018 10 18 03 58 47.JPG,2018-10-18 03:58:47,fantasma
2018 10 18 04 20 23.JPG,2018-10-18 04:20:23,fantasma
2018 10 18 04 20 24.JPG,2018-10-18 04:20:24,fantasma
2018 10 18 04 31 42.JPG,2018-10-18 04:31:42,fantasma
2018 10 18 04 31 43.JPG,2018-10-18 04:31:43,fantasma
2018 10 18 23 02 41.JPG,2018-10-18 23:02:41,fantasma
2018 10 18 23 02 42.JPG,2018-10-18 23:02:42,fantasma
2018 10 19 02 47 19.JPG,2018-10-19 02:47:19,non_fantasma
2018 10 19 02 47 20.JPG,2018-10-19 02:47:20,non_fantasma
2018 10 19 02 47 46.JPG,2018-10-19 02:47:46,non_fantasma
2018 10 19 02 47 47.JPG,2018-10-19 02:47:47,non_fantasma
2018 10 19 09 15 46.JPG,2018-10-19 09:15:46,non_fantasma
2018 10 19 09 15 47.JPG,2018-10-19 09:15:47,non_fantasma
2018 10 20 09 40 22.JPG,2018-10-20 09:40:22,non_fantasma
2018 10 20 09 40 23.JPG,2018-10-20 09:40:23,non_fantasma
2018 10 21 07 36 02.JPG,2018-10-21 07:36:02,non_fantasma
2018 10 21 07 36 03.JPG,2018-10-21 07:36:03,non_fantasma
2018 10 22 08 08 39.JPG,2018-10-22 08:08:39,non_fantasma
2018 10 22 08 08 40.JPG,2018-10-22 08:08:40,non_fantasma
2018 10 22 08 08 59.JPG,2018-10-22 08:08:59,non_fantasma
2018 10 22 08 09 00.JPG,2018-10-22 08:09:00,non_fantasma
2018 10 22 18 59 10.JPG,2018-10-22 18:59:10,non_fantasma
2018 10 22 18 59 11.JPG,2018-10-22 18:59:11,non_fantasma
2018 10 23 05 27 20.JPG,2018-10-23 05:27:20,fantasma
2018 10 23 05 27 21.JPG,2018-10-23 05:27:21,fantasma
2018 10 23 05 29 42.JPG,2018-10-23 05:29:42,non_fantasma
2018 10 23 05 29 43.JPG,2018-10-23 05:29:43,non_fantasma
2018 10 23 05 59 13.JPG,2018-10-23 05:59:13,fantasma
2018 10 23 05 59 14.JPG,2018-10-23 05:59:14,fantasma
2018 10 23 06 01 22.JPG,2018-10-23 06:01:22,non_fantasma
2018 10 23 06 01 23.JPG,2018-10-23 06:01:23,non_fantasma
2018 10 23 06 01 30.JPG,2018-10-23 06:01:30,non_fantasma
2018 10 23 06 01 31.JPG,2018-10-23 06:01:31,non_fantasma
2018 10 23 06 03 56.JPG,2018-10-23 06:03:56,non_fantasma
2018 10 23 06 03 57.JPG,2018-10-23 06:03:57,non_fantasma
